<?xml version="1.0" encoding="UTF-8"?>
<spirit:component xmlns:xilinx="http://www.xilinx.com" xmlns:spirit="http://www.spiritconsortium.org/XMLSchema/SPIRIT/1685-2009" xmlns:xsi="http://www.w3.org/2001/XMLSchema-instance">
  <spirit:vendor>xilinx.com</spirit:vendor>
  <spirit:library>user</spirit:library>
  <spirit:name>adder</spirit:name>
  <spirit:version>1.0</spirit:version>
  <spirit:model>
    <spirit:views>
      <spirit:view>
        <spirit:name>xilinx_anylanguagesynthesis</spirit:name>
        <spirit:displayName>Synthesis</spirit:displayName>
        <spirit:envIdentifier>:vivado.xilinx.com:synthesis</spirit:envIdentifier>
        <spirit:language>VHDL</spirit:language>
        <spirit:modelName>adder</spirit:modelName>
        <spirit:fileSetRef>
          <spirit:localName>xilinx_anylanguagesynthesis_view_fileset</spirit:localName>
        </spirit:fileSetRef>
        <spirit:parameters>
          <spirit:parameter>
            <spirit:name>viewChecksum</spirit:name>
            <spirit:value>2da33adc</spirit:value>
          </spirit:parameter>
        </spirit:parameters>
      </spirit:view>
      <spirit:view>
        <spirit:name>xilinx_anylanguagebehavioralsimulation</spirit:name>
        <spirit:displayName>Simulation</spirit:displayName>
        <spirit:envIdentifier>:vivado.xilinx.com:simulation</spirit:envIdentifier>
        <spirit:language>VHDL</spirit:language>
        <spirit:modelName>adder</spirit:modelName>
        <spirit:fileSetRef>
          <spirit:localName>xilinx_anylanguagebehavioralsimulation_view_fileset</spirit:localName>
        </spirit:fileSetRef>
        <spirit:parameters>
          <spirit:parameter>
            <spirit:name>viewChecksum</spirit:name>
            <spirit:value>2da33adc</spirit:value>
          </spirit:parameter>
        </spirit:parameters>
      </spirit:view>
      <spirit:view>
        <spirit:name>xilinx_xpgui</spirit:name>
        <spirit:displayName>UI Layout</spirit:displayName>
        <spirit:envIdentifier>:vivado.xilinx.com:xgui.ui</spirit:envIdentifier>
        <spirit:fileSetRef>
          <spirit:localName>xilinx_xpgui_view_fileset</spirit:localName>
        </spirit:fileSetRef>
        <spirit:parameters>
          <spirit:parameter>
            <spirit:name>viewChecksum</spirit:name>
            <spirit:value>03b001a3</spirit:value>
          </spirit:parameter>
        </spirit:parameters>
      </spirit:view>
      <spirit:view>
        <spirit:name>xilinx_testbench</spirit:name>
        <spirit:displayName>Test Bench</spirit:displayName>
        <spirit:envIdentifier>:vivado.xilinx.com:simulation.testbench</spirit:envIdentifier>
        <spirit:modelName>adder_tb</spirit:modelName>
        <spirit:fileSetRef>
          <spirit:localName>xilinx_testbench_view_fileset</spirit:localName>
        </spirit:fileSetRef>
        <spirit:parameters>
          <spirit:parameter>
            <spirit:name>viewChecksum</spirit:name>
            <spirit:value>51b4dfd2</spirit:value>
          </spirit:parameter>
        </spirit:parameters>
      </spirit:view>
    </spirit:views>
    <spirit:ports>
      <spirit:port>
        <spirit:name>A</spirit:name>
        <spirit:wire>
          <spirit:direction>in</spirit:direction>
          <spirit:vector>
            <spirit:left spirit:format="long" spirit:resolve="dependent" spirit:dependency="(spirit:decode(id(&apos;MODELPARAM_VALUE.WIDTH&apos;)) - 1)">7</spirit:left>
            <spirit:right spirit:format="long">0</spirit:right>
          </spirit:vector>
          <spirit:wireTypeDefs>
            <spirit:wireTypeDef>
              <spirit:typeName>std_logic_vector</spirit:typeName>
              <spirit:viewNameRef>xilinx_anylanguagesynthesis</spirit:viewNameRef>
              <spirit:viewNameRef>xilinx_anylanguagebehavioralsimulation</spirit:viewNameRef>
            </spirit:wireTypeDef>
          </spirit:wireTypeDefs>
        </spirit:wire>
      </spirit:port>
      <spirit:port>
        <spirit:name>B</spirit:name>
        <spirit:wire>
          <spirit:direction>in</spirit:direction>
          <spirit:vector>
            <spirit:left spirit:format="long" spirit:resolve="dependent" spirit:dependency="(spirit:decode(id(&apos;MODELPARAM_VALUE.WIDTH&apos;)) - 1)">7</spirit:left>
            <spirit:right spirit:format="long">0</spirit:right>
          </spirit:vector>
          <spirit:wireTypeDefs>
            <spirit:wireTypeDef>
              <spirit:typeName>std_logic_vector</spirit:typeName>
              <spirit:viewNameRef>xilinx_anylanguagesynthesis</spirit:viewNameRef>
              <spirit:viewNameRef>xilinx_anylanguagebehavioralsimulation</spirit:viewNameRef>
            </spirit:wireTypeDef>
          </spirit:wireTypeDefs>
        </spirit:wire>
      </spirit:port>
      <spirit:port>
        <spirit:name>S</spirit:name>
        <spirit:wire>
          <spirit:direction>out</spirit:direction>
          <spirit:vector>
            <spirit:left spirit:format="long" spirit:resolve="dependent" spirit:dependency="(spirit:decode(id(&apos;MODELPARAM_VALUE.WIDTH&apos;)) - 1)">7</spirit:left>
            <spirit:right spirit:format="long">0</spirit:right>
          </spirit:vector>
          <spirit:wireTypeDefs>
            <spirit:wireTypeDef>
              <spirit:typeName>std_logic_vector</spirit:typeName>
              <spirit:viewNameRef>xilinx_anylanguagesynthesis</spirit:viewNameRef>
              <spirit:viewNameRef>xilinx_anylanguagebehavioralsimulation</spirit:viewNameRef>
            </spirit:wireTypeDef>
          </spirit:wireTypeDefs>
        </spirit:wire>
      </spirit:port>
    </spirit:ports>
    <spirit:modelParameters>
      <spirit:modelParameter xsi:type="spirit:nameValueTypeType" spirit:dataType="integer">
        <spirit:name>WIDTH</spirit:name>
        <spirit:displayName>Width</spirit:displayName>
        <spirit:value spirit:format="long" spirit:resolve="generated" spirit:id="MODELPARAM_VALUE.WIDTH" spirit:minimum="0" spirit:rangeType="long">8</spirit:value>
      </spirit:modelParameter>
    </spirit:modelParameters>
  </spirit:model>
  <spirit:fileSets>
    <spirit:fileSet>
      <spirit:name>xilinx_anylanguagesynthesis_view_fileset</spirit:name>
      <spirit:file>
        <spirit:name>adder.vhd</spirit:name>
        <spirit:fileType>vhdlSource</spirit:fileType>
        <spirit:userFileType>CHECKSUM_2da33adc</spirit:userFileType>
      </spirit:file>
    </spirit:fileSet>
    <spirit:fileSet>
      <spirit:name>xilinx_anylanguagebehavioralsimulation_view_fileset</spirit:name>
      <spirit:file>
        <spirit:name>adder.vhd</spirit:name>
        <spirit:fileType>vhdlSource</spirit:fileType>
      </spirit:file>
    </spirit:fileSet>
    <spirit:fileSet>
      <spirit:name>xilinx_xpgui_view_fileset</spirit:name>
      <spirit:file>
        <spirit:name>xgui/adder_v1_0.tcl</spirit:name>
        <spirit:fileType>tclSource</spirit:fileType>
        <spirit:userFileType>CHECKSUM_03b001a3</spirit:userFileType>
        <spirit:userFileType>XGUI_VERSION_2</spirit:userFileType>
      </spirit:file>
    </spirit:fileSet>
    <spirit:fileSet>
      <spirit:name>xilinx_testbench_view_fileset</spirit:name>
      <spirit:file>
        <spirit:name>src/adder_tb.vhd</spirit:name>
        <spirit:fileType>vhdlSource</spirit:fileType>
        <spirit:userFileType>USED_IN_simulation</spirit:userFileType>
        <spirit:userFileType>USED_IN_testbench</spirit:userFileType>
      </spirit:file>
    </spirit:fileSet>
  </spirit:fileSets>
  <spirit:description>adder_v1_0</spirit:description>
  <spirit:parameters>
    <spirit:parameter>
      <spirit:name>WIDTH</spirit:name>
      <spirit:displayName>Width</spirit:displayName>
      <spirit:value spirit:format="long" spirit:resolve="user" spirit:id="PARAM_VALUE.WIDTH" spirit:minimum="0" spirit:rangeType="long">8</spirit:value>
    </spirit:parameter>
    <spirit:parameter>
      <spirit:name>Component_Name</spirit:name>
      <spirit:value spirit:resolve="user" spirit:id="PARAM_VALUE.Component_Name" spirit:order="1">adder_v1_0</spirit:value>
    </spirit:parameter>
  </spirit:parameters>
  <spirit:vendorExtensions>
    <xilinx:coreExtensions>
      <xilinx:supportedFamilies>
        <xilinx:family xilinx:lifeCycle="Production">zynq</xilinx:family>
        <xilinx:family xilinx:lifeCycle="Production">qzynq</xilinx:family>
        <xilinx:family xilinx:lifeCycle="Production">azynq</xilinx:family>
      </xilinx:supportedFamilies>
      <xilinx:taxonomies>
        <xilinx:taxonomy>/UserIP</xilinx:taxonomy>
      </xilinx:taxonomies>
      <xilinx:displayName>adder_v1_0</xilinx:displayName>
      <xilinx:definitionSource>package_project</xilinx:definitionSource>
      <xilinx:coreRevision>3</xilinx:coreRevision>
      <xilinx:coreCreationDateTime>2021-09-09T05:34:27Z</xilinx:coreCreationDateTime>
      <xilinx:tags>
        <xilinx:tag xilinx:name="nopcore"/>
        <xilinx:tag xilinx:name="ui.data.coregen.dd@42cf9e96_ARCHIVE_LOCATION">c:/Users/joego/OneDrive - University of Pittsburgh/1195/Lab_1/Lab_1_repo/resources/adder</xilinx:tag>
        <xilinx:tag xilinx:name="ui.data.coregen.dd@a9a7a3b_ARCHIVE_LOCATION">c:/Users/joego/OneDrive - University of Pittsburgh/1195/Lab_1/Lab_1_repo/resources/adder</xilinx:tag>
        <xilinx:tag xilinx:name="ui.data.coregen.dd@121a4305_ARCHIVE_LOCATION">c:/Users/joego/OneDrive - University of Pittsburgh/1195/Lab_1/Lab_1_repo/resources/adder</xilinx:tag>
        <xilinx:tag xilinx:name="ui.data.coregen.dd@2d056acc_ARCHIVE_LOCATION">c:/Users/joego/OneDrive - University of Pittsburgh/1195/Lab_1/Lab_1_repo/resources/adder</xilinx:tag>
        <xilinx:tag xilinx:name="ui.data.coregen.dd@33b03418_ARCHIVE_LOCATION">c:/Users/joego/OneDrive - University of Pittsburgh/1195/Lab_1/Lab_1_repo/resources/adder</xilinx:tag>
        <xilinx:tag xilinx:name="ui.data.coregen.dd@42f1d40e_ARCHIVE_LOCATION">c:/Users/joego/OneDrive - University of Pittsburgh/1195/Lab_1/Lab_1_repo/resources/adder</xilinx:tag>
        <xilinx:tag xilinx:name="ui.data.coregen.dd@2b8de7a9_ARCHIVE_LOCATION">c:/Users/joego/OneDrive - University of Pittsburgh/1195/Lab_1/Lab_1_repo/resources/adder</xilinx:tag>
        <xilinx:tag xilinx:name="ui.data.coregen.dd@52359b_ARCHIVE_LOCATION">c:/Users/joego/OneDrive - University of Pittsburgh/1195/Lab_1/Lab_1_repo/resources/adder</xilinx:tag>
        <xilinx:tag xilinx:name="ui.data.coregen.dd@5baa453c_ARCHIVE_LOCATION">c:/Users/joego/OneDrive - University of Pittsburgh/1195/Lab_1/Lab_1_repo/resources/adder</xilinx:tag>
        <xilinx:tag xilinx:name="ui.data.coregen.dd@1a5455a4_ARCHIVE_LOCATION">c:/Users/joego/OneDrive - University of Pittsburgh/1195/Lab_1/Lab_1_repo/resources/adder</xilinx:tag>
        <xilinx:tag xilinx:name="ui.data.coregen.dd@133f5ad2_ARCHIVE_LOCATION">c:/Users/joego/OneDrive - University of Pittsburgh/1195/Lab_1/Lab_1_repo/resources/adder</xilinx:tag>
        <xilinx:tag xilinx:name="ui.data.coregen.dd@53017859_ARCHIVE_LOCATION">c:/Users/joego/OneDrive - University of Pittsburgh/1195/Lab_1/Lab_1_repo/resources/adder</xilinx:tag>
        <xilinx:tag xilinx:name="ui.data.coregen.dd@47c620a7_ARCHIVE_LOCATION">c:/Users/joego/OneDrive - University of Pittsburgh/1195/Lab_1/Lab_1_repo/resources/adder</xilinx:tag>
        <xilinx:tag xilinx:name="ui.data.coregen.dd@1fdbb95a_ARCHIVE_LOCATION">c:/Users/joego/OneDrive - University of Pittsburgh/1195/Lab_1/Lab_1_repo/resources/adder</xilinx:tag>
        <xilinx:tag xilinx:name="ui.data.coregen.dd@36e32ce_ARCHIVE_LOCATION">c:/Users/joego/OneDrive - University of Pittsburgh/1195/Lab_1/Lab_1_repo/resources/adder</xilinx:tag>
        <xilinx:tag xilinx:name="ui.data.coregen.dd@ef3898b_ARCHIVE_LOCATION">c:/Users/joego/OneDrive - University of Pittsburgh/1195/Lab_1/Lab_1_repo/ip_repo/adder</xilinx:tag>
        <xilinx:tag xilinx:name="ui.data.coregen.dd@5aa4ed3a_ARCHIVE_LOCATION">c:/Users/joego/OneDrive - University of Pittsburgh/1195/Lab_1/Lab_1_repo/ip_repo/adder</xilinx:tag>
        <xilinx:tag xilinx:name="ui.data.coregen.dd@7048f20f_ARCHIVE_LOCATION">c:/Users/joego/OneDrive - University of Pittsburgh/1195/Lab_1/Lab_1_repo/ip_repo/adder</xilinx:tag>
        <xilinx:tag xilinx:name="ui.data.coregen.dd@77343a71_ARCHIVE_LOCATION">c:/Users/joego/OneDrive - University of Pittsburgh/1195/Lab_1/Lab_1_repo/ip_repo/adder</xilinx:tag>
        <xilinx:tag xilinx:name="ui.data.coregen.dd@69daa6a1_ARCHIVE_LOCATION">c:/Users/joego/OneDrive - University of Pittsburgh/1195/Lab_1/Lab_1_repo/ip_repo/adder</xilinx:tag>
        <xilinx:tag xilinx:name="ui.data.coregen.dd@75969886_ARCHIVE_LOCATION">c:/Users/joego/OneDrive - University of Pittsburgh/1195/Lab_1/Lab_1_repo/ip_repo/adder</xilinx:tag>
        <xilinx:tag xilinx:name="ui.data.coregen.dd@53f5bdcc_ARCHIVE_LOCATION">c:/Users/joego/OneDrive - University of Pittsburgh/1195/Lab_1/Lab_1_repo/ip_repo/adder</xilinx:tag>
        <xilinx:tag xilinx:name="ui.data.coregen.dd@71c670b4_ARCHIVE_LOCATION">c:/Users/joego/OneDrive - University of Pittsburgh/1195/Lab_1/Lab_1_repo/ip_repo/adder</xilinx:tag>
        <xilinx:tag xilinx:name="ui.data.coregen.dd@30fb675d_ARCHIVE_LOCATION">c:/Users/joego/OneDrive - University of Pittsburgh/1195/Lab_1/Lab_1_repo/ip_repo/adder</xilinx:tag>
        <xilinx:tag xilinx:name="ui.data.coregen.dd@445fcc32_ARCHIVE_LOCATION">c:/Users/joego/OneDrive - University of Pittsburgh/1195/Lab_1/Lab_1_repo/ip_repo/adder</xilinx:tag>
        <xilinx:tag xilinx:name="ui.data.coregen.dd@41cebe7f_ARCHIVE_LOCATION">c:/Users/joego/OneDrive - University of Pittsburgh/1195/Lab_1/Lab_1_repo/ip_repo/adder</xilinx:tag>
      </xilinx:tags>
    </xilinx:coreExtensions>
    <xilinx:packagingInfo>
      <xilinx:xilinxVersion>2018.3</xilinx:xilinxVersion>
      <xilinx:checksum xilinx:scope="fileGroups" xilinx:value="c3317de9"/>
      <xilinx:checksum xilinx:scope="ports" xilinx:value="7f675211"/>
      <xilinx:checksum xilinx:scope="hdlParameters" xilinx:value="75cd9533"/>
      <xilinx:checksum xilinx:scope="parameters" xilinx:value="9ff202e0"/>
    </xilinx:packagingInfo>
  </spirit:vendorExtensions>
</spirit:component>
